,timestamp_utc
0,2023-04-09 08:17:54.811000+00:00
1,2023-03-15 11:11:55.092000+00:00
2,2023-02-19 10:12:19.365000+00:00
3,2023-03-31 08:13:56.867000+00:00
4,2023-02-19 10:12:19.365000+00:00
5,2023-04-06 09:50:57.014000+00:00
6,2023-03-25 10:19:22.729000+00:00
7,2023-03-21 09:14:23.873000+00:00
8,2023-04-12 08:59:01.106000+00:00
9,2023-03-09 10:04:43.831000+00:00
10,2023-02-22 07:56:02.978000+00:00
11,2023-01-21 10:10:13.115000+00:00
12,2023-03-28 10:01:09.311000+00:00
13,2023-01-18 09:03:21.876000+00:00
14,2023-03-06 10:12:09.252000+00:00
15,2023-02-04 09:31:06.768000+00:00
16,2023-03-18 10:34:04.787000+00:00
17,2023-03-06 10:12:09.252000+00:00
18,2023-04-03 08:46:18.366000+00:00
19,2023-04-09 08:17:54.811000+00:00
20,2023-02-28 07:50:47.878000+00:00
21,2023-03-18 10:34:04.787000+00:00
22,2023-02-16 07:44:15.123000+00:00
23,2023-01-24 07:29:59.394000+00:00
24,2023-03-21 09:14:23.873000+00:00
25,2023-02-01 08:28:29.900000+00:00
26,2023-03-12 08:36:52.813000+00:00
27,2023-03-15 11:11:55.092000+00:00
28,2023-02-25 10:30:12.191000+00:00
29,2023-02-16 07:44:15.123000+00:00
30,2023-02-07 09:02:15.694000+00:00
31,2023-03-03 01:24:31.331000+00:00
32,2023-03-09 10:04:43.831000+00:00
33,2023-03-31 08:13:56.867000+00:00
34,2023-01-27 08:09:33.027000+00:00
35,2023-03-28 10:01:09.311000+00:00
36,2023-04-03 08:46:18.366000+00:00
37,2023-01-18 09:03:21.876000+00:00
38,2023-02-04 09:31:06.768000+00:00
39,2023-02-01 08:28:29.900000+00:00
40,2023-04-06 09:50:57.014000+00:00
41,2023-01-27 08:09:33.027000+00:00
42,2023-01-24 07:29:59.394000+00:00
43,2023-03-03 01:24:31.331000+00:00
44,2023-02-25 10:30:12.191000+00:00
45,2023-03-12 08:36:52.813000+00:00
46,2023-03-25 10:19:22.729000+00:00
47,2023-02-07 09:02:15.694000+00:00
48,2023-02-28 07:50:47.878000+00:00
49,2023-04-12 08:59:01.106000+00:00
50,2023-01-21 10:10:13.115000+00:00
51,2023-02-22 07:56:02.978000+00:00
